domain,http_status
green-graphixz-clothing-company.business.site,404.0
bytheseat.com,
caring-hands-seniorsolutionsgroupinc.business.site,404.0
alpha-research-associates-research-institute.business.site,404.0
wellbaum-apiaries.business.site,404.0
djs-general-service-llc.business.site,404.0
airelibreavenue.com,409.0
fine-art-construction.business.site,404.0
chugiak.org,523.0
peakdds.com,403.0
northwest-georgia-regional-commission.business.site,404.0
rustyskate.com,409.0
river-valley-rv-park-tx.business.site,404.0
homeworkninjas.com,
osalra.com,
hiddenforestdesign.com,404.0
richardsservicecenter.com,404.0
yroox.com,
sunnova-solar-oakland.business.site,404.0
harvardpsc.com,200.0
mghomeremodelling.info,
torres-hvac.business.site,404.0
hairdesigners-hairsalon.business.site,404.0
teambuildergroup.com,404.0
oddwomannailsandmore.com,404.0
down-southmoving.business.site,404.0
knickonwood.com,500.0
madebyjosy.com,404.0
trusted-home-inspection.business.site,404.0
tashahmoore.com,404.0
platformtemizlik.com,404.0
virustarllc.com,
asuzus.com,
sanchez-lawn-care-and-landscaping-services.business.site,404.0
qualifiedportablegarages.com,
divinemomentsdaycare.com,
palla-siding-and-windows.business.site,404.0
realtorhsu.net,404.0
smallislandent.com,
whitwell-accounting-llc.business.site,404.0
johnstons-clothiers.business.site,404.0
starcomconsulting.com,
mjwm225.com,403.0
handymanexpressservice.net,
maquez-kennelz.business.site,404.0
daveandtracy.org,
laflosd.com,
sunnirey.shop,
sandiegorealestatejobs.net,
rubpage.com,503.0
bodegaunclick.com,
shoplakebuoy.com,
themarketinggroupaz.com,404.0
clovercutsandcolor.com,404.0
reflexdelivery.com,409.0
winningham-iron-metal.business.site,404.0
serenapezzato.com,
rcgglobaltv.com,
gallerycollage.com,
crossroadsrvpk.com,
mendiolagardening.com,
gkama.com,404.0
chevrv.com,
glovemitten.com,
ehardts.com,403.0
beagibbons.com,
webranium.co.uk,
aether-multimedia-llc.business.site,404.0
tax-masters.net,
riolentoranch.com,
verdantporch.com,
nu-imagepainting.com,
caninereproductivecenter.com,404.0
veritassynergetic.com,
woodstocklodge246.org,
coastaldefense.business.site,404.0
cgllcairheatingandcoolingservices.business.site,404.0
hightechautoservicesantamonica.com,
logansquarelaundry.com,
gygeneralservices.business.site,404.0
ticketsregina.com,403.0
amwindowcleaning.org,404.0
liketelevision.com,
toptok.info,
innovativeinstruction.org,
cancersupportdelaware.org,403.0
coffee-homemachines.club,
the-chimneymasters.com,
journey2beme.com,
crazy.builders,
cotherix.com,
greenbikerentals.com,
graphicmontzter.com,
therealbcmg.com,404.0
myparee.com,
energy-health-oriental-massage.business.site,404.0
hairbykole.com,
kalamazoomijobs.com,
jahmakingsconstruction.com,
redrhinomovers.com,
sagacitystays.com,
growthfutures.net,404.0
alphaquorumstore.com,
abujaluxuryhome.com,
motherssoontobe.com,
when2heartsbeatas1.org,
motinidesigns.com,
spynewsletter.com,404.0
tvwelove.com,
hannacho.com,
mrsbecerra.com,
creativehealthplans.com,
nymphyacht.com,
big-dog-boarding.business.site,404.0
bubongstore.com,
acupuncture-oriental-massage.business.site,404.0
cedarwork.org,
vitalaehealingarts.com,
limitlesscounselingservices.com,
getrazuzz.com,
beautyblueprintllc.com,
quick9.io,
d-l-roofing-and-construction-llc.business.site,404.0
advance-tcc.com,
truefablespottery.com,
lionsteelstructuresco.com,
littlefeetforestschool.org,404.0
feltgoodmusic.com,404.0
reveportraits.com,
hotlink2019.com,
ohhappydayshatchetthrowing.com,
hitsforhomeless.com,
epertase.com,
nationalcarousels158.com,
edgeinsurance.biz,
theneumannproject.com,
romanthumbs.com,
philstreeppc.com,
southsidedentalcare-dentalclinic.business.site,404.0
roland4fairview.com,
cleaningsvccolumbiafalls.com,
melatee.com,
fedorovfilms.com,404.0
50ggirls.com,
toothfairycleaningservice.com,
h-glogistics.com,
ancientcityappraisals.com,403.0
bc-hinger.com,
advertiserandmarketersplatform.com,
romangalloway.com,
littleredfarmhousegifts.net,
longrealty.com,403.0
mysavagenails.love,
lorettola.org,403.0
mottshay.com,
defioptions.org,404.0
sewardlostlakelodge.com,
brandibaileyphotos.com,
mtcdz.net,
central-texas-mobile-notary-notary-public.business.site,404.0
ellen4wcsd.com,
king-alexander.com,
greenissue.eu,
flash-wingo.com,
belozapp.com,
infinitiofsouthatlanta.com,405.0
janellesrestaurant.com,
par1cleaners.business.site,404.0
gambittechconsulting.com,
yogawithorly.com,
parisfumc.org,
valezio.com,
nationalcapitalfitday.com,
briggsmobiledetailing.com,
rrrobotictec.com,
dotsandcubes.com,403.0
lineoftecnologia.com,
getranx.com,
warnby.com,
eventsbyabel.com,
ropescan.us,
baxland.com,
htiyos.com,
lloydfeinberg.com,503.0
satyasilence.com,
slrslingshotrentals.com,
brooklyntreecompany.com,
highqualitypcs.com,
royaltylandscapinganddesign.com,
busiup.com,
topbricole.site,
abcbni.com,
cherrycreektributaries.com,
helixapartments.com,403.0
thethriftyhijabi.com,
pd2llc.com,
floridaloansigning.com,
bloggingforextrader.com,
fuecid.shop,
jonfoxmusic.com,
ordercrustandbuns.com,
annatietzhomes.com,
jerkkingsnj.com,
bintiboutique.llc,404.0
burkeoppenheim.com,
behindthewhitebeard.com,
myfocuspsych.com,
bundlesbybassett.com,
themorvarid.com,
ambazoniafoundation.org,403.0
masterguyscardetail.com,
haqelyaqeen.com,
petexplain.com,
adaini.com,
sceniclandscaping.net,
snugharborca.com,
palaciopet.com,
al-advertising-diet-store.com,
techsynario.com,
galleongc.com,
royaltycleaningva.co,
top-salon-hair-salon.business.site,404.0
hunterdecuir24.com,
flatpondpublishing.com,500.0
hoodriverclothing.com,
maddux.pro,
3lnotary.com,
vghgroup.org,
quality-trucking.com,
michaelskuceradentistry.com,
hellorichmond.net,404.0
clarionstl.com,404.0
greenershinglessanantonio.com,
thejewishheritagefoundation.com,404.0
globaltrustbnk.com,
focusmedicalbillingservices.com,
paynespringsumc.org,
thecheapghostwriter.com,
fortlaudedalepsychic.com,
simplicitymovers.com,
pestcontrolmodestoca.org,
sustainableracine.org,
fitcivic.com,
studiobsalon.net,
kaleofamilies.org,
informatichiamoci.it,
kingfisherseo.com,
artworkbydoyle.com,
trbism.com,
timberwoodofnaples.org,404.0
neptune-society.com,403.0
propertyguysnj.com,
hometheatersystemgainesville.com,
castoreclothing.com,
stevensfamilyfarm.webs.com,
deliverance-ministry-new-york.com,500.0
angelabrite.com,
beaconhillrealtygroup.com,404.0
artandglamstudio.com,404.0
ftworthepoxyflooring.com,
internationalmediasupply.com,
belanshion.com,
carolynlewismed.com,
brilliantcityreiki.com,404.0
reelsafarischarters.com,
drariatirakic.com,
kusbeautyusa.com,409.0
beautifulbodybabes.com,
centurywebdesign.net,
jbdecker.com,
banconex.com,403.0
rivertownslp.com,
myacem.com,500.0
stewartgrain.com,
lisinoprilfst.com,404.0
1laurellane.com,
shah-impex.com,403.0
kiplearningandactivitycenter.com,
scienceeducators.org,
clinejewelers.com,
antiochassistedliving.com,
marriagecounselingmemphis.com,
poocheshouseboutique.com,404.0
smv-inc.com,500.0
hubbardstudios.com,404.0
archaeology.virginia.edu,403.0
dionisioducusin.com,404.0
borderwarswrestling.com,403.0
couplescounselingatlanta.com,409.0
workitstudio.com,
sootheyoursoulmassage.com,404.0
rightstudents.org,
id44.com,
lukesmma.com,
dumpsterrentalalhambraca.com,523.0
celebaesthetics.com,403.0
northsidemeadows.com,
muhlbauerlab.com,
globalonefinancialsolutions.com,
aesgoldmine.com,
transtekautosales.com,
imageworksdirect.com,
befeni-usa.com,
yingtexun.com,
aspecialtouchflorist.net,
